country,totalSites,name,surface_total,surface_oneKM,surface_tenKM,water_m250,water_m500,water_oneKM,people_tenKM,people_oneKM,people_fiveKM,indexYear,kgPerCaptia,rank,topProducer_1,topProducer_1_value,topProducer_2,topProducer_2_value,topProducer_3,topProducer_3_value,topProducer_4,topProducer_4_value,topProducer_5,topProducer_5_value
Albania,37,ALBANIA,94628.4376774436,23.0,1.0,19.0,24.0,33.0,4946039.0,118281.0,2152694.0,2021,2.069056213412824,131,CHINA RESOURCES (HOLDINGS) COMPANY LIMITED,0.5642595505179833,"JIANGSU HAILUN PETROCHEMICAL CO., LTD.",0.6970265035810381,"JIANGYIN CHENGXING INDUSTRIAL GROUP CO., LTD.",0.3983008591891647,QATAR PETROLEUM,0.34807344708795684,Zhejiang Wankai New Materials Co. Ltd,0.4148967283220465
Algeria,74,ALGERIA,546326.3962183145,50.0,17.0,12.0,18.0,27.0,12083008.0,98505.0,3671295.0,2021,9.205964080987005,43,CHINA RESOURCES (HOLDINGS) COMPANY LIMITED,16.751761467442886,Exxon Mobil Corp,16.238091027434262,Indorama Ventures PCL,22.592674854080023,"JIANGSU HAILUN PETROCHEMICAL CO., LTD.",20.693352400958858,Saudi Arabian Oil Co,46.70453585901564
Angola,2,ANGOLA,4227.8786194674685,1.0,0.0,0.0,0.0,2.0,1263931.0,27716.0,468452.0,2021,0.8948669341594513,104,Indorama Ventures PCL,1.9851705570356797,"JIANGSU HAILUN PETROCHEMICAL CO., LTD.",1.4986667619877037,LyondellBasell Industries NV,1.286963855043096,Reliance Industries Ltd,1.5636986497058132,Sasol Ltd,1.238362025346228
Argentina,102,ARGENTINA,668035.5172551451,72.0,21.0,21.0,32.0,52.0,7882424.0,79375.0,2434247.0,2021,14.647363913153715,30,Alpek SAB de CV,141.5685296817071,Braskem SA,101.04430571172864,Dow Inc,161.24953487453942,Exxon Mobil Corp,30.249565419263806,PETROQUIMICA CUYO SAIC,75.44363851567869
Armenia,0,ARMENIA,,,,,,,,,,2021,3.1754232591145954,126,AMIR KABIR PETROCHEMICAL PUBLIC JOINT STOCK COMPANY,1.1887978237476546,BAKHTAR PETROCHEMICAL COMPANY,2.337528570277864,JAM PETROCHEMICAL PUBLIC JOINT STOCK COMPANY,1.0933753108289386,MARUN PETROCHEMICAL PUBLIC JOINT STOCK COMPANY,0.7472412846001111,NATIONAL PETROCHEMICAL COMPANY,0.4781990175600759
Australia,16,AUSTRALIA,30144.885456695763,10.0,0.0,2.0,3.0,7.0,803534.0,9378.0,260020.0,2021,58.066073713400804,15,China Petroleum & Chemical Corp,79.25800532117873,Exxon Mobil Corp,83.59131257170677,LyondellBasell Industries NV,67.47940064250898,PTT PCL,64.3316769594848,QENOS OLEFINS PTY LTD,75.60828696124577
Austria,0,AUSTRIA,,,,,,,,,,2021,31.478826215165505,48,Dow Inc,16.696237815507143,Exxon Mobil Corp,13.622688387282235,Indorama Ventures PCL,20.788388228063035,LyondellBasell Industries NV,22.041309112198118,Saudi Arabian Oil Co,17.417375606916053
Azerbaijan,11,AZERBAIJAN,46072.66096808872,10.0,0.0,2.0,4.0,7.0,1059079.0,6759.0,229864.0,2021,5.381125059602057,92,BAKHTAR PETROCHEMICAL COMPANY,2.005849511937215,CHINA RESOURCES (HOLDINGS) COMPANY LIMITED,1.6253514096681534,JAM PETROCHEMICAL PUBLIC JOINT STOCK COMPANY,1.8827930476670747,"JIANGSU HAILUN PETROCHEMICAL CO., LTD.",2.007787035472424,STATE OIL COMPANY OF THE AZERBAIJAN REPUBLIC,30.16799609149946
Bahrain,0,BAHRAIN,,,,,,,,,,2021,11.796449538922907,115,Dow Inc,1.0663862773440353,EASTERN PETROCHEMICAL COMPANY,0.8531187925546321,Exxon Mobil Corp,1.1927319260157527,OCTAL PETROCHEMICALS FZC,1.6302619974291193,Saudi Arabian Oil Co,5.127442719559737
Bangladesh,23,BANGLADESH,134054.9715985372,10.0,4.0,15.0,21.0,22.0,45558714.0,553868.0,13786126.0,2021,1.7636095285770275,47,BOREALIS AG,10.370655882145167,Exxon Mobil Corp,16.134781960649402,Formosa Plastics Corp,12.621440502492757,Reliance Industries Ltd,21.56612659265729,Saudi Arabian Oil Co,32.49299202051647
Barbados,1,BARBADOS,1725.7280155806172,1.0,0.0,1.0,1.0,1.0,143866.0,896.0,51286.0,2021,0.26794952841898356,151,Dow Inc,0.01877680959123198,Exxon Mobil Corp,0.008831742302297297,LyondellBasell Industries NV,0.008430752449073835,NOVA CHEMICALS CORPORATION,0.004504458427702246,Westlake Chemical Corp,0.00845668305962537
Belarus,0,BELARUS,,,,,,,,,,2021,17.053075055704475,63,MOGILEVKHIMVOLOKNO OAO,47.8429843465641,NAFTAN OAO,14.130079687741556,Organichesky Sintez PJSC,6.163729211794223,PUBLIC JOINT STOCK COMPANY SIBUR HOLDING,28.472487668560724,Saudi Arabian Oil Co,10.238789549108718
Belgium,0,BELGIUM,,,,,,,,,,2021,55.22934453529247,31,BOREALIS AG,37.030391606338846,Dow Inc,40.684615419278025,Indorama Ventures PCL,33.75002401932966,LyondellBasell Industries NV,45.84130042777437,Saudi Arabian Oil Co,35.99857427481624
Benin,2,BENIN,1026.8507712173164,0.0,0.0,1.0,2.0,2.0,341552.0,6645.0,125506.0,2021,0.11164322402924269,146,CHINA RESOURCES (HOLDINGS) COMPANY LIMITED,0.18153082965425307,Indorama Ventures PCL,0.08434206094043739,"JIANGSU HAILUN PETROCHEMICAL CO., LTD.",0.2242439660434891,"JIANGYIN CHENGXING INDUSTRIAL GROUP CO., LTD.",0.12813940916770805,Zhejiang Wankai New Materials Co. Ltd,0.13347855121636257
Bhutan,0,BHUTAN,,,,,,,,,,2021,2.450244648252287,142,Indorama Ventures PCL,0.17558643866141108,QATAR PETROCHEMICAL CO QAPCO,0.24040224096739382,QATAR PETROLEUM,0.2502145773334099,Reliance Industries Ltd,0.6065900856531456,TOTAL SE,0.12265498798423961
Bolivia,7,BOLIVIA,41201.34587895897,5.0,1.0,1.0,2.0,3.0,256093.0,5412.0,71999.0,2021,2.188884180685626,108,Braskem SA,14.79517151128951,Dow Inc,1.2427001142710845,Ecopetrol SA,4.538451450424171,Exxon Mobil Corp,0.3798743354796298,OCTAL PETROCHEMICALS FZC,0.41724000576135684
Bosnia and Herzegovina,0,BOSNIA AND HERZEGOVINA,,,,,,,,,,2021,8.19267785660526,105,BOREALIS AG,2.4281160261434693,HIP-PETROHEMIJA AD PANCEVO,3.9077098361826303,"JIANGSU HAILUN PETROCHEMICAL CO., LTD.",1.712790345627433,Petkim Petrokimya Holding AS,1.831524110133142,Saudi Arabian Oil Co,2.8062416252327296
Botswana,1,BOTSWANA,1550.4307080705569,1.0,0.0,0.0,0.0,0.0,8863.0,21.0,1064.0,2021,1.686176669151936,138,KAP Industrial Holdings Ltd,0.4727777294144063,Sasol Ltd,3.3280769411143702,,,,,,
Brazil,158,BRAZIL,385838.170980873,85.0,6.0,24.0,49.0,76.0,19072396.0,218952.0,6535760.0,2021,13.403560952581026,6,Alpek SAB de CV,218.5793688381333,Braskem SA,1337.5803268963396,Dow Inc,215.84087750854442,Exxon Mobil Corp,114.53490525631983,Indorama Ventures PCL,261.2183768528011
Brunei,4,BRUNEI,9036.261907975153,3.0,0.0,1.0,3.0,3.0,97198.0,5389.0,51451.0,2021,-1.0,-1,data unavailable,-1.0,,,,,,,,
Bulgaria,0,BULGARIA,,,,,,,,,,2021,14.763756043954135,77,Exxon Mobil Corp,4.609536719501937,Indorama Ventures PCL,10.814089307417735,Lotte Chemical Corp,7.2427767838761365,LyondellBasell Industries NV,4.3609450044157265,Saudi Arabian Oil Co,4.979667874162471
Cambodia,37,CAMBODIA,103882.36036239023,19.0,2.0,7.0,9.0,18.0,5471723.0,42316.0,1397863.0,2021,4.630830443915454,86,China Petroleum & Chemical Corp,4.162782113358415,Exxon Mobil Corp,2.7903007615165416,PTT PCL,13.647604510368518,PetroChina Co Ltd,3.5682730472188955,Siam Cement PCL/The,8.95723576873674
Cameroon,4,CAMEROON,81411.23182907123,1.0,2.0,1.0,4.0,4.0,5364066.0,64772.0,1618526.0,2021,0.9414764112177736,110,CHINA RESOURCES (HOLDINGS) COMPANY LIMITED,1.834730739734575,Indorama Ventures PCL,2.2679355335270164,"JIANGSU HAILUN PETROCHEMICAL CO., LTD.",2.266432090260357,Saudi Arabian Oil Co,1.3817857185268227,Zhejiang Wankai New Materials Co. Ltd,1.3490667203930697
Canada,0,CANADA,,,,,,,,,,2021,34.07314363263437,17,Alpek SAB de CV,75.05680709949512,Dow Inc,128.80347598634992,Exxon Mobil Corp,127.14318177889001,LyondellBasell Industries NV,89.0774222979783,NOVA CHEMICALS CORPORATION,53.56411021497971
Chile,1,CHILE,1400.7952308948236,1.0,0.0,0.0,0.0,1.0,5296.0,124.0,4430.0,2021,49.33982389624269,24,Braskem SA,149.0926483741092,Dow Inc,79.75644436698254,Exxon Mobil Corp,77.27867545309988,INEOS LIMITED,30.74864082136274,LyondellBasell Industries NV,75.80932410747059
China,415,CHINA,939676.5292510053,186.0,10.0,92.0,161.0,262.0,182840814.0,2187165.0,52384856.0,2021,18.206937055680783,1,"CHINA ENERGY INVESTMENT GROUP CO., LTD.",984.8874612778047,China Petroleum & Chemical Corp,3259.6843826681293,Exxon Mobil Corp,904.4595948833753,"JIANGSU HAILUN PETROCHEMICAL CO., LTD.",927.2429404980716,PetroChina Co Ltd,2556.607128666804
Colombia,14,COLOMBIA,34388.749310013925,8.0,0.0,2.0,5.0,7.0,2602235.0,29225.0,762306.0,2021,10.752145722102982,32,Alpek SAB de CV,35.00167154133991,Dow Inc,47.23335951334916,Ecopetrol SA,70.09682216210585,Exxon Mobil Corp,48.41211934765954,Indorama Ventures PCL,79.85819901774737
Comoros,0,COMOROS,,,,,,,,,,2021,5.973406553008135,133,Chevron Corp,0.3599248250820847,Mesaieed Petrochemical Holding,0.7198496501641694,QATAR PETROCHEMICAL CO QAPCO,1.3730649739616965,QATAR PETROLEUM,1.4584900606607114,TOTAL SE,0.70054335406209
Costa Rica,3,COSTA RICA,469.58392256989566,0.0,0.0,1.0,1.0,3.0,519977.0,9883.0,208914.0,2021,22.909314945063052,70,Braskem SA,5.663611002539251,Dow Inc,13.109191247866427,Exxon Mobil Corp,15.421060545555369,Far Eastern New Century Corp,6.663672888785569,LyondellBasell Industries NV,11.8310540508681
Croatia,20,CROATIA,93237.49270320938,14.0,3.0,3.0,6.0,9.0,472109.0,7242.0,175688.0,2021,23.39364073255207,80,CHINA RESOURCES (HOLDINGS) COMPANY LIMITED,4.738529053333252,Dow Inc,4.390546867394229,Indorama Ventures PCL,6.363913385821845,"JIANGSU HAILUN PETROCHEMICAL CO., LTD.",5.853477065882251,LyondellBasell Industries NV,4.318244810885743
Cuba,14,CUBA,67453.75303462535,8.0,2.0,0.0,6.0,8.0,3200946.0,55701.0,1195606.0,2021,2.5023386514851924,103,BOREALIS AG,3.3336986922427614,Braskem SA,2.735776439397893,Lotte Chemical Corp,2.7453635570904815,PETROLEOS MEXICANOS,5.043624118253801,Repsol SA,9.523537279300362
Cyprus,2,CYPRUS,24147.827626586302,1.0,1.0,1.0,2.0,2.0,25146.0,525.0,6948.0,2021,11.090264749012988,121,INEOS LIMITED,0.6953502764997574,Indorama Ventures PCL,0.8841408222199001,Lotte Chemical Corp,3.0689440166400987,TK Chemical Corp,1.6735269420520893,UAB NEO GROUP,1.1089033942558748
Czech Republic,0,CZECH REPUBLIC,,,,,,,,,,2021,34.51088571503413,44,BOREALIS AG,20.467159620594824,Dow Inc,27.99111262097838,Indorama Ventures PCL,29.417891469006896,LyondellBasell Industries NV,25.170584694461205,Saudi Arabian Oil Co,24.67981517389105
Democratic Republic of the Congo,1,DEMOCRATIC REPUBLIC OF THE CONGO,559.3591312664894,0.0,0.0,0.0,0.0,0.0,37741.0,496.0,12263.0,2021,0.8264101015594033,135,Indorama Ventures PCL,0.5647557439250315,KOKSAN PET VE PLASTIK AMBALAJ SANAYI VE TICARET ANONIM SIRKETI,0.2784375,PTT PCL,0.6892442863947742,Reliance Industries Ltd,0.5116163293082535,Siam Cement PCL/The,0.3078614040322948
Denmark,0,DENMARK,,,,,,,,,,2021,32.715734664012544,58,BOREALIS AG,11.33554453489148,Dow Inc,10.044535141977985,Indorama Ventures PCL,10.873525904084097,LyondellBasell Industries NV,12.542640726440682,Saudi Arabian Oil Co,11.079766998934746
Djibouti,2,DJIBOUTI,7038.757486355869,2.0,0.0,0.0,1.0,2.0,1028921.0,30081.0,623260.0,2021,47.5008186275413,99,CHINA RESOURCES (HOLDINGS) COMPANY LIMITED,2.986397998125316,"JIANGSU HAILUN PETROCHEMICAL CO., LTD.",3.6890798800371547,PTT PCL,4.244512442225749,Saudi Arabian Oil Co,3.075012359939537,Siam Cement PCL/The,3.2370302150228483
Dominican Republic,64,DOMINICAN REPUBLIC,354333.28847537766,29.0,10.0,9.0,16.0,30.0,16063961.0,171806.0,4233186.0,2021,10.297281862515158,73,Braskem SA,6.209734568675027,Dow Inc,12.200824873405837,Exxon Mobil Corp,9.180106795185312,Indorama Ventures PCL,14.185494109686395,LyondellBasell Industries NV,6.488203000302366
Ecuador,14,ECUADOR,18314.11752035474,4.0,0.0,1.0,3.0,8.0,855417.0,22125.0,478631.0,2021,8.699889532870317,64,Braskem SA,21.24878059392142,Dow Inc,9.950223523383734,Ecopetrol SA,8.3757354721079,Exxon Mobil Corp,10.46442951125863,Reliance Industries Ltd,14.360605671983693
Egypt,19,EGYPT,143606.23402640037,11.0,5.0,5.0,9.0,11.0,9465070.0,169943.0,3396563.0,2021,9.21709558619398,25,BOREALIS AG,34.09356960437822,EGYPTIAN PETROCHEMICALS HOLDING COMPANY,41.3478793045729,Indorama Ventures PCL,40.001270565035405,Oriental Petrochemicals Company,70.1747397057035,Saudi Arabian Oil Co,102.95674489555735
El Salvador,11,EL SALVADOR,21150.761949291467,5.0,0.0,1.0,2.0,6.0,1023503.0,16888.0,314950.0,2021,19.213518557318103,69,CHINA RESOURCES (HOLDINGS) COMPANY LIMITED,7.86004778364264,Dow Inc,8.167069903350713,Exxon Mobil Corp,8.55669820628205,Far Eastern New Century Corp,8.68621865678707,"JIANGSU HAILUN PETROCHEMICAL CO., LTD.",9.709470791558555
Estonia,0,ESTONIA,,,,,,,,,,2021,9.922427057715973,122,BOREALIS AG,3.004209854123708,Dow Inc,1.1649939669241522,LyondellBasell Industries NV,1.6557619997616924,Polski Koncern Naftowy ORLEN S,0.9857359098892704,Saudi Arabian Oil Co,2.5383361690350985
Ethiopia,2,ETHIOPIA,2312.375849819101,1.0,0.0,1.0,1.0,1.0,69903.0,1522.0,25273.0,2021,0.7246090167108392,85,CHINA RESOURCES (HOLDINGS) COMPANY LIMITED,5.527743361106419,"JIANGSU HAILUN PETROCHEMICAL CO., LTD.",6.828388857837339,"JIANGYIN CHENGXING INDUSTRIAL GROUP CO., LTD.",3.901936490192766,Saudi Arabian Oil Co,6.912108798521086,Zhejiang Wankai New Materials Co. Ltd,4.064517177284131
Fiji,0,FIJI,,,,,,,,,,2021,15.090273383868166,119,Far Eastern New Century Corp,6.715444505835822,Libolon,0.9588798901853123,Nan Ya Plastics Corp,1.7757035003431705,Shinkong Synthetic Fibers Corp,2.663555250514756,Tainan Spinning Co Ltd,0.843459162663006
Finland,0,FINLAND,,,,,,,,,,2021,38.16632240681666,55,BOREALIS AG,36.318377917320866,Dow Inc,21.377844031653915,Exxon Mobil Corp,18.78755698535176,LyondellBasell Industries NV,15.233153116008825,Saudi Arabian Oil Co,14.068221210034922
France,13,FRANCE,31495.715732086355,11.0,0.0,6.0,10.0,11.0,534847.0,9172.0,230019.0,2021,34.62249150439924,7,BOREALIS AG,142.9841311690252,Dow Inc,146.23004065985566,Indorama Ventures PCL,167.52557809068196,LyondellBasell Industries NV,182.78449345974954,Saudi Arabian Oil Co,173.14592486422225
Georgia,0,GEORGIA,,,,,,,,,,2021,12.616644048293931,97,CHINA RESOURCES (HOLDINGS) COMPANY LIMITED,3.822543901836663,Indorama Ventures PCL,2.4176831948779167,"JIANGSU HAILUN PETROCHEMICAL CO., LTD.",4.721965996386465,"JIANGYIN CHENGXING INDUSTRIAL GROUP CO., LTD.",2.698266283649409,Zhejiang Wankai New Materials Co. Ltd,2.8106940454681344
Germany,33,GERMANY,56137.54336996951,11.0,1.0,12.0,24.0,27.0,2666081.0,45439.0,807504.0,2021,21.911985437790598,13,Dow Inc,127.7401630789729,Exxon Mobil Corp,97.06156472694339,Indorama Ventures PCL,111.75465226154559,LyondellBasell Industries NV,120.61623589241671,Saudi Arabian Oil Co,114.06800200815907
Ghana,66,GHANA,259061.93986166935,25.0,4.0,12.0,20.0,27.0,24619996.0,325258.0,7090779.0,2021,6.881183595754177,57,CHINA RESOURCES (HOLDINGS) COMPANY LIMITED,7.805952599528496,China Petroleum & Chemical Corp,11.053779676643982,Exxon Mobil Corp,11.57458760495111,"JIANGSU HAILUN PETROCHEMICAL CO., LTD.",9.642647328829314,Saudi Arabian Oil Co,12.228364007708771
Greece,20,GREECE,61848.29680530155,18.0,1.0,7.0,9.0,15.0,728768.0,10801.0,201478.0,2021,24.00408190491639,52,Dow Inc,14.389881640394938,Exxon Mobil Corp,12.423076019801085,LyondellBasell Industries NV,14.113945876247575,POLISAN HELLAS COMMERCIAL & INDUSTRIAL SINGLE SHAREHOLDER S.A. OF PET RESIN & PREFORMS PRODUCTION,25.972097466098546,Saudi Arabian Oil Co,16.139463112666903
Guatemala,53,GUATEMALA,73312.49013515821,21.0,0.0,13.0,22.0,27.0,6853155.0,99662.0,2317933.0,2021,8.214206783797742,67,Dow Inc,16.672795401150786,Exxon Mobil Corp,18.114094570941692,Indorama Ventures PCL,16.274724457958115,LyondellBasell Industries NV,9.665861111699966,Saudi Arabian Oil Co,6.218923504851713
Guinea,1,GUINEA,1201.9100934300359,1.0,0.0,0.0,0.0,1.0,25600.0,68.0,4618.0,2021,0.6382429448111923,128,Advanced Petrochemical Co,0.41904619965850803,Exxon Mobil Corp,0.6078365373854536,LyondellBasell Industries NV,0.6469139513391011,National Industrialization Co,0.44459708619020855,Saudi Arabian Oil Co,1.5827426041665935
Guyana,3,GUYANA,2079.7822600127656,1.0,0.0,2.0,3.0,3.0,352931.0,5718.0,147537.0,2021,0.26572392439576686,148,CHINA RESOURCES (HOLDINGS) COMPANY LIMITED,0.02839041763612494,Indorama Ventures PCL,0.015475894864464445,"JIANGSU HAILUN PETROCHEMICAL CO., LTD.",0.03507051590344845,"JIANGYIN CHENGXING INDUSTRIAL GROUP CO., LTD.",0.020040294801970546,Zhejiang Wankai New Materials Co. Ltd,0.020875307085385986
Haiti,8,HAITI,39865.4278971697,1.0,1.0,4.0,7.0,8.0,6184492.0,104268.0,1574785.0,2021,1.0900228820486844,124,Dow Inc,1.2997516499545498,Exxon Mobil Corp,1.1666458043298262,Indorama Ventures PCL,1.6206251599738692,LyondellBasell Industries NV,0.7499349558422517,Reliance Industries Ltd,2.899364835493321
Honduras,57,HONDURAS,81048.96684293787,15.0,1.0,10.0,17.0,28.0,7020878.0,111437.0,2182952.0,2021,5.347353207596375,96,Dow Inc,6.813138961364823,Exxon Mobil Corp,6.685288095903812,Far Eastern New Century Corp,8.709160072262826,LyondellBasell Industries NV,3.5591035803956443,Shinkong Synthetic Fibers Corp,3.4346602608098835
Hong Kong,0,HONG KONG,,,,,,,,,,2021,54.43184951237587,42,"CHINA ENERGY INVESTMENT GROUP CO., LTD.",14.378376714707162,China Petroleum & Chemical Corp,50.55247583197512,Exxon Mobil Corp,18.980431682908964,PetroChina Co Ltd,39.43175465985045,Saudi Arabian Oil Co,17.14358903583307
Hungary,0,HUNGARY,,,,,,,,,,2021,21.05987428663539,56,Dow Inc,14.819409481528762,Exxon Mobil Corp,10.982076776673077,Indorama Ventures PCL,16.34343181073801,LyondellBasell Industries NV,14.989699820248457,Saudi Arabian Oil Co,14.17810839527571
Iceland,0,ICELAND,,,,,,,,,,2021,4.235586296429365,143,Eni SpA,0.15996543978402028,INEOS LIMITED,0.47533787399857164,LyondellBasell Industries NV,0.3846849920854165,Saudi Arabian Oil Co,0.17198595507161635,TOTAL SE,0.15575185674927589
India,690,INDIA,5198686.186772376,383.0,124.0,146.0,252.0,408.0,488469785.0,6668741.0,147581311.0,2021,4.127075608057196,3,Exxon Mobil Corp,284.7775424215879,GAIL India Ltd,440.0563405579819,Indian Oil Corp Ltd,364.88498943682,Oil & Natural Gas Corp Ltd,348.1970234103628,Reliance Industries Ltd,1816.8559789477836
Indonesia,373,INDONESIA,2793133.443127731,181.0,53.0,103.0,165.0,234.0,346387996.0,3724926.0,94462802.0,2021,8.438190188616796,9,Chandra Asri Petrochemical Tbk,178.87996142863423,Exxon Mobil Corp,150.81103356386967,Indorama Ventures PCL,149.14852273306718,Lotte Chemical Corp,209.82419128010372,Siam Cement PCL/The,175.6933972122049
Iran,8,IRAN,140613.08447708839,3.0,4.0,2.0,4.0,4.0,777019.0,9551.0,226069.0,2021,12.780419761767616,21,AMIR KABIR PETROCHEMICAL PUBLIC JOINT STOCK COMPANY,63.25407083164394,BAKHTAR PETROCHEMICAL COMPANY,129.10780597874415,JAM PETROCHEMICAL PUBLIC JOINT STOCK COMPANY,135.89964814953004,MARUN PETROCHEMICAL PUBLIC JOINT STOCK COMPANY,116.92576898217499,SHAHID TONDGOYAN PETROCHEMICAL COMPANY,188.3775209966947
Iraq,1,IRAQ,8706.896086387977,1.0,0.0,1.0,1.0,1.0,693359.0,21733.0,273937.0,2021,7.18298950786631,50,China Petroleum & Chemical Corp,10.495026612909856,Dow Inc,10.164370636304598,Exxon Mobil Corp,12.8958078939356,Reliance Industries Ltd,11.947245894273276,Saudi Arabian Oil Co,26.43598889922178
Ireland,0,IRELAND,,,,,,,,,,2021,38.290240713319434,60,Dow Inc,12.57042148793498,Exxon Mobil Corp,11.175805724216215,INEOS LIMITED,11.242534433684934,LyondellBasell Industries NV,14.421603688063586,Saudi Arabian Oil Co,12.518103747523892
Israel,3,ISRAEL,19628.602205549993,3.0,0.0,0.0,1.0,3.0,432458.0,2264.0,125106.0,2021,52.11682044297767,36,Dow Inc,26.40965857402356,Exxon Mobil Corp,27.468147556768447,Oil Refineries Ltd,44.59691609570375,Reliance Industries Ltd,31.33802957107213,Saudi Arabian Oil Co,22.641565128446818
Italy,11,ITALY,30585.814055263334,6.0,1.0,4.0,6.0,7.0,824381.0,3588.0,219821.0,2021,23.00156562524113,16,BOREALIS AG,72.76626732314092,Dow Inc,76.60470252363193,Indorama Ventures PCL,98.97962638696825,LyondellBasell Industries NV,90.22240410253266,Saudi Arabian Oil Co,93.18234128813853
Jamaica,8,JAMAICA,14247.640108410835,6.0,0.0,3.0,4.0,4.0,1298605.0,24457.0,516868.0,2021,0.7785442350446142,141,Chevron Corp,0.23518908858809584,Exxon Mobil Corp,0.31258184443202364,INEOS LIMITED,0.3004726126312856,LyondellBasell Industries NV,0.34854509163105635,Phillips 66,0.23518908858809584
Japan,58,JAPAN,46009.971548491245,17.0,0.0,26.0,44.0,58.0,12632693.0,94175.0,3123293.0,2021,37.23197236332504,4,Exxon Mobil Corp,154.86727819927623,Far Eastern New Century Corp,240.5149173831695,Mitsubishi Chemical Holdings C,442.07776652287106,Mitsui Chemicals Inc,300.4015194034754,Sumitomo Chemical Co Ltd,215.01654577293309
Jordan,1,JORDAN,658.5603812334365,0.0,0.0,0.0,0.0,1.0,10396.0,182.0,5200.0,2021,6.577232854998282,88,Dow Inc,4.0181047019083715,National Industrialization Co,3.8953003508524437,Sahara International Petrochem,5.708385134699451,Saudi Arabian Oil Co,14.490061920725726,Saudi Kayan Petrochemical Co,3.988257546055051
Kazakhstan,0,KAZAKHSTAN,,,,,,,,,,2021,9.877707200455363,61,CHINA RESOURCES (HOLDINGS) COMPANY LIMITED,10.582020207539534,China Petroleum & Chemical Corp,7.792457775940171,"JIANGSU HAILUN PETROCHEMICAL CO., LTD.",13.071907315195896,NATIONAL COMPANY KAZMUNAYGAZ JSC,9.610530027307677,PUBLIC JOINT STOCK COMPANY SIBUR HOLDING,18.94409152992524
Kenya,15,KENYA,26179.629451739936,4.0,1.0,6.0,7.0,8.0,21052786.0,527895.0,8479317.0,2021,4.472980850552894,54,ABU DHABI NATIONAL OIL COMPANY (ADNOC),11.58497236626935,BOREALIS AG,11.58497236626935,"JIANGSU HAILUN PETROCHEMICAL CO., LTD.",11.768349992850924,Reliance Industries Ltd,18.250949836844825,Saudi Arabian Oil Co,25.33100647188087
Kuwait,0,KUWAIT,,,,,,,,,,2021,40.56853265221653,62,Dow Inc,12.81549378809848,EQUATE FOR PETROCHEMICALS COMPANY KSC (CLOSED),8.995936526994521,Exxon Mobil Corp,7.40366319846124,OCTAL PETROCHEMICALS FZC,19.595521642304995,Saudi Arabian Oil Co,16.762800158200797
Kyrgyzstan,0,KYRGYZSTAN,,,,,,,,,,2021,3.284633170403003,113,CHINA RESOURCES (HOLDINGS) COMPANY LIMITED,2.3783427137899213,"JIANGSU HAILUN PETROCHEMICAL CO., LTD.",2.9379527640934318,"JIANGYIN CHENGXING INDUSTRIAL GROUP CO., LTD.",1.6788301509105328,MOGILEVKHIMVOLOKNO OAO,2.007,Zhejiang Wankai New Materials Co. Ltd,1.7487814071984715
Laos,17,LAOS,77737.82463065058,6.0,3.0,1.0,2.0,2.0,643349.0,6752.0,173337.0,2021,1.5791282557143305,125,Dow Inc,1.1953750326277057,Indorama Ventures PCL,1.407659605877227,PTT PCL,2.656494854233634,Shinkong Synthetic Fibers Corp,0.5838368971379526,Siam Cement PCL/The,2.162221792937358
Latvia,0,LATVIA,,,,,,,,,,2021,22.33768396728874,101,BOREALIS AG,2.277363810419439,Indorama Ventures PCL,5.346440190715042,PUBLIC JOINT STOCK COMPANY SIBUR HOLDING,2.2917865192007323,Saudi Arabian Oil Co,1.7880259517054886,UAB NEO GROUP,7.254642193035778
Lebanon,0,LEBANON,,,,,,,,,,2021,15.351036958948255,75,Dow Inc,4.137577070020915,Exxon Mobil Corp,5.436560401306202,Indorama Ventures PCL,6.473048570139657,LyondellBasell Industries NV,3.7606522790658388,Saudi Arabian Oil Co,14.92987678259425
Liberia,1,LIBERIA,10586.692823733392,0.0,1.0,0.0,0.0,0.0,805116.0,9285.0,190378.0,2021,0.26773353772251224,145,Chevron Corp,0.10092286626404573,Exxon Mobil Corp,0.16974420221903894,LyondellBasell Industries NV,0.13472504127305002,Phillips 66,0.10092286626404573,Saudi Arabian Oil Co,0.2155200232990861
Libya,0,LIBYA,,,,,,,,,,2021,5.532923896754893,102,Exxon Mobil Corp,1.528520352260792,LyondellBasell Industries NV,1.9245315732058819,National Oil Corporation of Libya,3.8703515328028626,Oriental Petrochemicals Company,1.2682253960724756,Saudi Arabian Oil Co,4.375598819277724
Lithuania,0,LITHUANIA,,,,,,,,,,2021,22.878744574540644,89,BOREALIS AG,3.6330971950513375,Dow Inc,2.322516913246074,Indorama Ventures PCL,12.304835502877209,Saudi Arabian Oil Co,2.4000202191616156,UAB NEO GROUP,18.30502185168387
Luxembourg,0,LUXEMBOURG,,,,,,,,,,2021,209.06973150069976,68,BOREALIS AG,5.096520319180772,Dow Inc,9.99396183544929,Indorama Ventures PCL,25.842289884098477,JBF Industries Ltd,37.58579952264155,UAB NEO GROUP,3.794134158927953
Madagascar,0,MADAGASCAR,,,,,,,,,,2021,0.2809736372841811,129,Mesaieed Petrochemical Holding,0.43859289463975837,PetroChina Co Ltd,0.41363398053573097,QATAR PETROCHEMICAL CO QAPCO,0.5145386672261243,QATAR PETROLEUM,0.5535883945377787,Sasol Ltd,1.6402579202250904
Malawi,0,MALAWI,,,,,,,,,,2021,0.5107585174873794,127,"JIANGSU HAILUN PETROCHEMICAL CO., LTD.",0.03454900146855023,KAP Industrial Holdings Ltd,1.3944280387867753,Reliance Industries Ltd,0.08209776241882694,Sasol Ltd,7.221196904523012,Saudi Arabian Oil Co,0.06611255880237495
Malaysia,103,MALAYSIA,546791.0122581623,51.0,17.0,20.0,38.0,61.0,8310262.0,88868.0,2136244.0,2021,16.41193233169916,33,China Petroleum & Chemical Corp,31.715366200213456,Dow Inc,32.76633427329929,Exxon Mobil Corp,24.900327021589245,LyondellBasell Industries NV,24.397088701127622,Reliance Industries Ltd,24.96602981195003
Maldives,0,MALDIVES,,,,,,,,,,2021,5.780537370854146,140,Chiripal Poly Films,0.07399378751825961,Dhunseri Ventures Ltd,0.3699689375912981,Indorama Ventures PCL,0.6896220996701796,JBF Industries Ltd,0.3403714225839942,Reliance Industries Ltd,1.5070437526362683
Malta,0,MALTA,,,,,,,,,,2021,93.16221849814445,100,BOREALIS AG,1.8702381401636639,LyondellBasell Industries NV,1.8450141288055264,Nizhnekamskneftekhim PJSC,1.7422461510572238,PUBLIC JOINT STOCK COMPANY SIBUR HOLDING,4.8831007248057094,Saudi Arabian Oil Co,2.1315393334174444
Mauritania,0,MAURITANIA,,,,,,,,,,2021,0.028672914753487988,149,Chiripal Poly Films,0.003133901013284857,Dhunseri Ventures Ltd,0.01566950506642429,Indorama Ventures PCL,0.029207957443814873,JBF Industries Ltd,0.014415944661110344,Reliance Industries Ltd,0.0638286821347796
Mauritius,0,MAURITIUS,,,,,,,,,,2021,10.168908080080607,123,Dhunseri Ventures Ltd,1.0447495862608345,Indorama Ventures PCL,2.0424935091403342,JBF Industries Ltd,0.9611696193599676,PTT PCL,0.8899968984670362,Reliance Industries Ltd,4.255719974128207
Mexico,221,MEXICO,988751.4256389099,134.0,34.0,33.0,49.0,75.0,19016460.0,110844.0,5306586.0,2021,17.244662836714728,11,Alpek SAB de CV,98.75845450191241,Dow Inc,271.99154846782204,Exxon Mobil Corp,271.90146274545117,Indorama Ventures PCL,323.7709624670474,LyondellBasell Industries NV,136.7417147466909
Moldova,0,MOLDOVA,,,,,,,,,,2021,0.5175712463624509,144,Eni SpA,0.18078392516834968,INEOS LIMITED,0.18078392516834968,KARPATNAFTOHIM TOV,0.23450717521714046,MOGILEVKHIMVOLOKNO OAO,0.21303475565992838,PUBLIC JOINT STOCK COMPANY SIBUR HOLDING,0.18898744774155393
Mongolia,0,MONGOLIA,,,,,,,,,,2021,4.19385782427941,120,CHINA RESOURCES (HOLDINGS) COMPANY LIMITED,2.1196027712425103,"JIANGSU HAILUN PETROCHEMICAL CO., LTD.",2.618332835064277,"JIANGYIN CHENGXING INDUSTRIAL GROUP CO., LTD.",1.4961901914653013,"ZHEJIANG HENGYI PETROCHEMICALS CO., LTD.",0.9530526562073495,Zhejiang Wankai New Materials Co. Ltd,1.5585314494430222
Montenegro,1,MONTENEGRO,3587.0823167909493,1.0,0.0,0.0,1.0,1.0,112206.0,2043.0,34565.0,2021,32.99647190594707,112,CHINA RESOURCES (HOLDINGS) COMPANY LIMITED,3.094555522337619,Far Eastern New Century Corp,1.41785931680153,"JIANGSU HAILUN PETROCHEMICAL CO., LTD.",3.8226862334758818,"JIANGYIN CHENGXING INDUSTRIAL GROUP CO., LTD.",2.1843921334147898,Zhejiang Wankai New Materials Co. Ltd,2.2754084723070727
Morocco,54,MOROCCO,311685.7032354166,37.0,8.0,6.0,11.0,15.0,25759032.0,412599.0,7982170.0,2021,11.307814512933344,41,Dow Inc,27.072909051127077,Exxon Mobil Corp,23.572193514556318,LyondellBasell Industries NV,32.298210962858164,Repsol SA,22.80961250750609,Saudi Arabian Oil Co,37.878436424789236
Mozambique,2,MOZAMBIQUE,958.0853170082592,0.0,0.0,0.0,1.0,2.0,1871141.0,19605.0,633073.0,2021,1.7557225732609492,95,CHINA RESOURCES (HOLDINGS) COMPANY LIMITED,2.2328418234047813,Indorama Ventures PCL,4.9684314028772665,"JIANGSU HAILUN PETROCHEMICAL CO., LTD.",2.7582163700882587,Reliance Industries Ltd,9.131776753859723,Sasol Ltd,2.9620453472428157
Myanmar,49,MYANMAR,243373.41850958538,17.0,4.0,10.0,16.0,28.0,10471807.0,144092.0,3238077.0,2021,5.159797305895251,49,Exxon Mobil Corp,21.327710558539405,Lotte Chemical Corp,12.514759907989532,PTT PCL,19.793668211203173,Saudi Arabian Oil Co,15.562887788978967,Siam Cement PCL/The,13.755429506739127
Namibia,0,NAMIBIA,,,,,,,,,,2021,2.1578190062098055,132,KAP Industrial Holdings Ltd,0.44911934412166127,Sahara International Petrochem,0.6837467864830657,Sasol Ltd,1.1630898869460553,Saudi Arabian Oil Co,0.9659683812778678,Saudi Kayan Petrochemical Co,0.46718040766522617
Nepal,5,NEPAL,25257.03518034648,3.0,1.0,4.0,5.0,5.0,2901028.0,10523.0,355227.0,2021,1.875745273680077,93,GAIL India Ltd,5.986370908307323,Haldia Petrochemicals Ltd,3.3350756803474786,Indian Oil Corp Ltd,4.568210731415501,Oil & Natural Gas Corp Ltd,4.294150562644755,Reliance Industries Ltd,14.41603637507305
Netherlands,0,NETHERLANDS,,,,,,,,,,2021,54.7503185276916,23,Dow Inc,53.1931950425651,Exxon Mobil Corp,49.589258971544865,Indorama Ventures PCL,48.813398152756385,LyondellBasell Industries NV,57.64701586956957,Saudi Arabian Oil Co,52.19926050288368
New Zealand,1,NEW ZEALAND,723.6708375238724,0.0,0.0,1.0,1.0,1.0,7008.0,12.0,1707.0,2021,38.53679074767723,59,China Petroleum & Chemical Corp,10.131553202733112,Dow Inc,8.77280985803235,Exxon Mobil Corp,12.096632266797709,PetroChina Co Ltd,7.731003067416017,Saudi Arabian Oil Co,8.133665380294204
Nicaragua,48,NICARAGUA,89637.76429470367,21.0,1.0,9.0,14.0,27.0,3700671.0,60077.0,1120000.0,2021,0.6152101640108114,137,Dow Inc,0.9959649082928744,Exxon Mobil Corp,1.0566970642841123,LyondellBasell Industries NV,0.4626967925584083,Phillips 66,0.19731602722892383,Westlake Chemical Corp,0.2797464808548642
Nigeria,116,NIGERIA,1079081.7985467436,69.0,18.0,33.0,45.0,52.0,215305604.0,2949684.0,63534858.0,2021,3.5952377318775666,29,China Petroleum & Chemical Corp,20.162796772602196,Exxon Mobil Corp,22.260460801603088,Indorama Ventures PCL,239.88285689047765,Sasol Ltd,38.310874646826825,Saudi Arabian Oil Co,36.82047152210124
Norway,0,NORWAY,,,,,,,,,,2021,26.891133747101968,66,BOREALIS AG,9.558302147293793,Dow Inc,8.43724314195654,Indorama Ventures PCL,8.474603867604802,LyondellBasell Industries NV,10.639318916948621,Saudi Arabian Oil Co,8.430526184325542
Oman,0,OMAN,,,,,,,,,,2021,56.42876194103874,51,Exxon Mobil Corp,4.2110308324670775,OCTAL PETROCHEMICALS FZC,155.70176108651827,OMAN OIL REFINERIES AND PETROLEUM INDUSTRIES COMPANY,38.37376956000265,Reliance Industries Ltd,4.365849962910364,Saudi Arabian Oil Co,13.094952846878646
Pakistan,0,PAKISTAN,,,,,,,,,,2021,3.461959430737135,28,ABU DHABI NATIONAL OIL COMPANY (ADNOC),33.0918077134455,BOREALIS AG,34.90208840179035,Exxon Mobil Corp,35.727790853495954,Gatron Industries Ltd,145.93161962825022,Saudi Arabian Oil Co,87.2262010745638
Panama,28,PANAMA,25033.61884244353,6.0,0.0,5.0,11.0,15.0,3476182.0,44526.0,1164571.0,2021,14.638891397930164,90,China Petroleum & Chemical Corp,3.650369737718774,Dow Inc,4.802261088242026,Exxon Mobil Corp,4.827852332165087,Indorama Ventures PCL,3.025057473774133,LyondellBasell Industries NV,2.858020283689661
Papua New Guinea,2,PAPUA NEW GUINEA,9567.985884876207,2.0,0.0,0.0,1.0,1.0,360001.0,6722.0,141354.0,2021,0.013449225563328901,150,CHINA RESOURCES (HOLDINGS) COMPANY LIMITED,0.018671262250949342,"JIANGSU HAILUN PETROCHEMICAL CO., LTD.",0.023064500427643304,"JIANGYIN CHENGXING INDUSTRIAL GROUP CO., LTD.",0.013179714530081888,Rongsheng Petro Chemical Co Lt,0.008395297611627503,Zhejiang Wankai New Materials Co. Ltd,0.013728869302168633
Paraguay,2,PARAGUAY,36673.84982224646,0.0,1.0,0.0,0.0,1.0,90719.0,153.0,6679.0,2021,11.772284733687213,84,Alpek SAB de CV,5.1148032679443105,Braskem SA,16.767209566018003,Indorama Ventures PCL,11.277043946093082,OCTAL PETROCHEMICALS FZC,13.364049184069614,Reliance Industries Ltd,8.750010018889391
Peru,23,PERU,92407.7800716485,15.0,2.0,4.0,7.0,11.0,3952587.0,60291.0,1588107.0,2021,15.184469154974177,35,Braskem SA,73.73513605096154,Dow Inc,24.166658599296373,Exxon Mobil Corp,26.74350951452502,Far Eastern New Century Corp,18.06270587833399,"JIANGSU HAILUN PETROCHEMICAL CO., LTD.",20.15773859663826
Philippines,190,PHILIPPINES,516187.902599248,69.0,14.0,61.0,99.0,152.0,96741975.0,960399.0,26480240.0,2021,9.333208137927132,22,China Petroleum & Chemical Corp,49.98058443214223,Exxon Mobil Corp,45.708807175669094,JG Summit Holdings Inc,83.58279201879398,Lotte Chemical Corp,46.5821221893797,PTT PCL,40.808372804531466
Poland,0,POLAND,,,,,,,,,,2021,23.30759216176371,26,BOREALIS AG,47.56037300763453,Indorama Ventures PCL,74.33196358177761,LyondellBasell Industries NV,63.69604767977786,Saudi Arabian Oil Co,52.218432943009816,UAB NEO GROUP,43.9043732473259
Portugal,11,PORTUGAL,59848.27996603605,7.0,3.0,1.0,8.0,10.0,1617739.0,4819.0,481801.0,2021,24.835730772365157,53,BOREALIS AG,15.199977283569988,Dow Inc,15.72256098605442,LyondellBasell Industries NV,25.250440814329316,Repsol SA,16.197760670677038,Saudi Arabian Oil Co,19.138758342430382
Qatar,0,QATAR,,,,,,,,,,2021,19.694447772356124,91,Dow Inc,2.9211149506158027,Exxon Mobil Corp,2.8434755796716464,Indorama Ventures PCL,2.3927075272703693,LyondellBasell Industries NV,2.170757640496264,Saudi Arabian Oil Co,3.500461700411353
Romania,0,ROMANIA,,,,,,,,,,2021,14.99233384242085,46,BOREALIS AG,16.388453686966233,Dow Inc,15.564524537853853,Indorama Ventures PCL,28.349266438492826,LyondellBasell Industries NV,21.553383223368535,Saudi Arabian Oil Co,19.440107476871244
Russia,0,RUSSIAN FEDERATION,,,,,,,,,,2021,15.940560642204618,8,ALCO-NAPHTHA ZAO,143.9347571601716,BOREALIS AG,84.45117075612305,Nizhnekamskneftekhim PJSC,161.7642910603749,Organichesky Sintez PJSC,109.20006566828835,PUBLIC JOINT STOCK COMPANY SIBUR HOLDING,453.1729137968375
Saudi Arabia,2,SAUDI ARABIA,532.5131619862548,0.0,0.0,1.0,1.0,2.0,362529.0,3624.0,73925.0,2021,34.35041521214408,20,ARABIAN INDUSTRIAL FIBERS - IBN RASHD COMPANY,106.28724554118808,Dow Inc,43.04638103581713,Exxon Mobil Corp,59.55652130489003,OCTAL PETROCHEMICALS FZC,105.97641133572421,Saudi Arabian Oil Co,256.41200274769324
Senegal,1,SENEGAL,1798.5318162438625,1.0,0.0,0.0,1.0,1.0,1429980.0,14119.0,367454.0,2021,1.642626503115811,106,Exxon Mobil Corp,1.6389777059407087,OCTAL PETROCHEMICALS FZC,1.103,Reliance Industries Ltd,1.3111404181434563,Sasol Ltd,2.1118382965885525,Saudi Arabian Oil Co,3.2927288232926584
Serbia,0,SERBIA,,,,,,,,,,2021,14.646075987427366,78,HIP-PETROHEMIJA AD PANCEVO,9.493122843094001,Hipol a.d.,5.958619800162836,Indorama Ventures PCL,6.454088973963474,MOL Hungarian Oil & Gas PLC,7.051041489298845,Saudi Arabian Oil Co,9.09635375156154
Sierra Leone,1,SIERRA LEONE,749.6032712934416,0.0,0.0,1.0,1.0,1.0,710260.0,25567.0,337310.0,2021,0.4831895667457647,139,CHINA RESOURCES (HOLDINGS) COMPANY LIMITED,0.2213162102088831,"JIANGSU HAILUN PETROCHEMICAL CO., LTD.",0.2733906126109732,QATAR PETROCHEMICAL CO QAPCO,0.368325600222518,QATAR PETROLEUM,0.38335929819078407,Sasol Ltd,0.21773572354026727
Singapore,4,SINGAPORE,2018.8467671591736,1.0,0.0,2.0,3.0,4.0,4593982.0,38644.0,1334055.0,2021,77.69389830015636,39,China Petroleum & Chemical Corp,23.12298046345313,Dow Inc,21.177428602717942,Exxon Mobil Corp,22.833119425509317,PetroChina Co Ltd,16.743514595548845,Reliance Industries Ltd,17.950265522575663
Slovakia,0,SLOVAKIA,,,,,,,,,,2021,21.01937881082354,71,Dow Inc,8.474677087011926,Exxon Mobil Corp,6.103711217233854,Indorama Ventures PCL,9.348264309925623,LyondellBasell Industries NV,8.315729099467248,Saudi Arabian Oil Co,7.896667219251592
Slovenia,0,SLOVENIA,,,,,,,,,,2021,35.26469398664428,87,Dow Inc,4.53648386275345,Exxon Mobil Corp,3.7101908511930515,Indorama Ventures PCL,4.982102921018636,LyondellBasell Industries NV,3.7334774470237337,Saudi Arabian Oil Co,4.204299410232387
South Africa,26,SOUTH AFRICA,113265.2241787421,14.0,3.0,5.0,7.0,12.0,3778348.0,24206.0,996201.0,2021,13.161453003856007,27,Dow Inc,27.678466548714162,Exxon Mobil Corp,35.680660004607674,KAP Industrial Holdings Ltd,145.08821465973188,Sasol Ltd,161.0200758258825,Saudi Arabian Oil Co,38.7983004209556
South Korea,4,REPUBLIC OF KOREA,7072.628295194389,3.0,0.0,3.0,3.0,4.0,3751838.0,31966.0,815293.0,2021,43.629436025659295,10,Exxon Mobil Corp,111.98915980376412,Hanwha Corp,143.73126756803762,LG Chem Ltd,109.3064521725581,Lotte Chemical Corp,247.45009017931105,LyondellBasell Industries NV,130.67761566642451
Spain,18,SPAIN,120979.75059526853,11.0,4.0,9.0,10.0,12.0,2627431.0,27312.0,651592.0,2021,33.90090552721281,14,Dow Inc,100.47024824857078,Exxon Mobil Corp,88.66737650662284,Indorama Ventures PCL,91.79174327179342,LyondellBasell Industries NV,120.99214810539796,Saudi Arabian Oil Co,120.65314699837154
Sri Lanka,28,SRI LANKA,65845.17795078656,14.0,1.0,14.0,20.0,23.0,8307250.0,147087.0,2981760.0,2021,3.8845456452608094,82,Exxon Mobil Corp,5.811563120370966,QATAR PETROLEUM,4.257629261856543,Reliance Industries Ltd,6.728144547805769,Saudi Arabian Oil Co,13.821023737039695,TOTAL SE,4.17246404695539
Sudan,2,SUDAN,13544.39556492276,1.0,1.0,0.0,0.0,1.0,189635.0,5877.0,79092.0,2021,1.254381843555369,94,China National Petroleum Corp,3.261819273104864,China Petroleum & Chemical Corp,2.441105683053838,Khartoum Petrochemical Company,3.261819273104864,PetroChina Co Ltd,2.74636952329644,Saudi Arabian Oil Co,11.171140441649092
Suriname,1,SURINAME,5219.289885843583,1.0,0.0,0.0,1.0,1.0,72104.0,657.0,14882.0,2021,2.1705068978015096,147,Chevron Corp,0.1163757879141194,Exxon Mobil Corp,0.14171185889876836,INEOS LIMITED,0.1471108074027614,LyondellBasell Industries NV,0.16132233904943033,Phillips 66,0.1163757879141194
Swaziland,0,SWAZILAND,,,,,,,,,,2021,3.8213071230041766,134,KAP Industrial Holdings Ltd,0.4395918583437204,Sasol Ltd,3.902142903049518,,,,,,
Sweden,0,SWEDEN,,,,,,,,,,2021,31.61435795201239,45,BOREALIS AG,23.49439198957721,Dow Inc,19.047106039467042,Indorama Ventures PCL,18.38234979001445,LyondellBasell Industries NV,23.592149742805784,Saudi Arabian Oil Co,19.8692060691232
Switzerland,0,SWITZERLAND,,,,,,,,,,2021,53.06507028138072,37,Dow Inc,26.16316440912508,Exxon Mobil Corp,23.160583238991983,Indorama Ventures PCL,30.36002700454597,LyondellBasell Industries NV,32.24989355831492,Saudi Arabian Oil Co,29.78840961087833
Syria,1,SYRIA,2427.121602304938,1.0,0.0,1.0,1.0,1.0,82907.0,659.0,20115.0,2021,1.0409424567205436,116,CHINA RESOURCES (HOLDINGS) COMPANY LIMITED,2.128939713305679,"JIANGSU HAILUN PETROCHEMICAL CO., LTD.",2.629866704671721,"JIANGYIN CHENGXING INDUSTRIAL GROUP CO., LTD.",1.5027809740981264,Sidi Kerir Petrochemicals Co,1.2486073043393648,Zhejiang Wankai New Materials Co. Ltd,1.5653968480188816
Taiwan,46,TAIWAN (TERRITORY),74646.58329623577,17.0,0.0,26.0,41.0,45.0,12000652.0,101246.0,3293353.0,2021,188.87940684109583,38,China Petroleum & Chemical Corp,28.718229749664815,Far Eastern New Century Corp,51.7102921572387,Lotte Chemical Corp,15.510667424967089,PetroChina Co Ltd,21.774143735822438,Shinkong Synthetic Fibers Corp,20.421257668415358
Tajikistan,0,TAJIKISTAN,,,,,,,,,,2021,0.6987269412692478,130,CHINA RESOURCES (HOLDINGS) COMPANY LIMITED,0.9182706838818384,"JIANGSU HAILUN PETROCHEMICAL CO., LTD.",1.1343343742069767,"JIANGYIN CHENGXING INDUSTRIAL GROUP CO., LTD.",0.6481910709754154,Rongsheng Petro Chemical Co Lt,0.41288883288160017,Zhejiang Wankai New Materials Co. Ltd,0.6751990322660576
Tanzania,10,TANZANIA,81393.99332447654,6.0,2.0,2.0,3.0,8.0,10839465.0,145570.0,3091845.0,2021,1.851195122401355,76,CHINA RESOURCES (HOLDINGS) COMPANY LIMITED,3.687099934252002,Indorama Ventures PCL,5.163729838749724,"JIANGSU HAILUN PETROCHEMICAL CO., LTD.",4.554652859958354,Reliance Industries Ltd,10.059901960037177,Saudi Arabian Oil Co,13.057609285706691
Thailand,158,THAILAND,507528.45690147177,73.0,13.0,21.0,49.0,84.0,17478737.0,196761.0,5073473.0,2021,18.079869374495686,18,Dow Inc,50.01498082255405,Exxon Mobil Corp,59.254648488017956,Indorama Ventures PCL,99.19092049630693,PTT PCL,199.62227693727309,Siam Cement PCL/The,125.99923077244557
Togo,7,TOGO,4958.397608004907,2.0,0.0,2.0,3.0,3.0,8455598.0,139274.0,2854591.0,2021,3.2964499112574863,107,Exxon Mobil Corp,2.6023432674255695,QATAR PETROCHEMICAL CO QAPCO,1.6837741724457969,QATAR PETROLEUM,1.7640138313162428,Sasol Ltd,1.7798931776000824,Saudi Arabian Oil Co,4.290929055092693
Trinidad and Tobago,4,TRINIDAD AND TOBAGO,7726.738307666057,3.0,0.0,0.0,0.0,3.0,512668.0,7417.0,174981.0,2021,15.039003552897167,111,Dow Inc,1.2693964139336564,Far Eastern New Century Corp,1.466056762277511,Indorama Ventures PCL,2.27670330682875,PETROLEOS MEXICANOS,2.2486909759812965,Reliance Industries Ltd,1.863032064284053
Tunisia,3,TUNISIA,7098.24936341974,2.0,0.0,2.0,2.0,2.0,136026.0,4320.0,84726.0,2021,9.362263882930801,74,Dow Inc,4.642673011304941,Exxon Mobil Corp,5.302231017497696,Indorama Ventures PCL,5.064721691375128,"JIANGSU HAILUN PETROCHEMICAL CO., LTD.",5.5052172875876,Saudi Arabian Oil Co,21.296284997166307
Turkey,73,TURKEY,726422.3697058053,48.0,23.0,10.0,16.0,32.0,4844501.0,56491.0,1633173.0,2021,14.980916233396252,19,Exxon Mobil Corp,52.29547067388783,Indorama Ventures PCL,109.5710174105389,KOKSAN PET VE PLASTIK AMBALAJ SANAYI VE TICARET ANONIM SIRKETI,80.28752821479496,LyondellBasell Industries NV,59.87079376279766,Saudi Arabian Oil Co,101.43675421826106
Turkmenistan,0,TURKMENISTAN,,,,,,,,,,2021,7.905888012626075,98,CHINA RESOURCES (HOLDINGS) COMPANY LIMITED,0.8805868742932162,JAM PETROCHEMICAL PUBLIC JOINT STOCK COMPANY,0.878924329011753,"JIANGSU HAILUN PETROCHEMICAL CO., LTD.",1.08778378589162,Turkmengaz,22.783618437441273,Turkmenneftegaz,14.059608273239807
Uganda,1,UGANDA,24697.122904951964,0.0,1.0,1.0,1.0,1.0,1473541.0,11441.0,394718.0,2021,0.464090676614612,114,QATAR PETROCHEMICAL CO QAPCO,1.5485653536315895,QATAR PETROLEUM,1.627486136767617,Reliance Industries Ltd,1.4864334505582555,Sasol Ltd,1.5264004711454864,Saudi Arabian Oil Co,2.0734988475545886
Ukraine,0,UKRAINE,,,,,,,,,,2021,9.77896018142272,40,Dow Inc,18.633933318097633,Indorama Ventures PCL,28.526343228961146,"JIANGSU HAILUN PETROCHEMICAL CO., LTD.",17.630225109378085,Saudi Arabian Oil Co,31.544628641598862,UAB NEO GROUP,32.936648776024725
United Arab Emirates,0,UNITED ARAB EMIRATES,,,,,,,,,,2021,52.4818613797656,34,BOREALIS AG,22.433051051887198,Exxon Mobil Corp,23.514979804044362,OCTAL PETROCHEMICALS FZC,28.056205955993114,Reliance Industries Ltd,45.43080173350481,Saudi Arabian Oil Co,32.906955828305165
United Kingdom,0,UNITED KINGDOM,,,,,,,,,,2021,43.52759184307333,5,Dow Inc,202.19020598336502,Exxon Mobil Corp,178.48144493924252,INEOS LIMITED,187.7771614057034,LyondellBasell Industries NV,218.3001333345785,Saudi Arabian Oil Co,216.62548700143293
United States,71,UNITED STATES,121128.25871157696,37.0,1.0,20.0,34.0,53.0,7820283.0,40880.0,1940368.0,2021,52.62607384130455,2,Alpek SAB de CV,1315.2401484642744,Dow Inc,1809.1692826579315,Exxon Mobil Corp,1710.6792676220718,Indorama Ventures PCL,1083.3011039281307,LyondellBasell Industries NV,1083.2180718186237
Uruguay,16,URUGUAY,145056.00852921235,7.0,7.0,2.0,6.0,10.0,1941284.0,12579.0,628276.0,2021,25.325537383320246,81,Alpek SAB de CV,14.708136860327167,Braskem SA,9.052612677365083,Indorama Ventures PCL,20.295513263347182,OCTAL PETROCHEMICALS FZC,8.328,Reliance Industries Ltd,7.041218086231044
Uzbekistan,0,UZBEKISTAN,,,,,,,,,,2021,4.434539022435799,65,CHINA RESOURCES (HOLDINGS) COMPANY LIMITED,9.348593516436381,"JIANGSU HAILUN PETROCHEMICAL CO., LTD.",11.548262579127293,Lotte Chemical Corp,9.95560586712508,O'ZBEKNEFTEGAZ,41.130920656074466,UZ-KOR GAS CHEMICAL LLC,7.5446799149322
Venezuela,50,VENEZUELA,318250.0504224383,25.0,12.0,6.0,9.0,22.0,11433354.0,188207.0,3555757.0,2021,3.793293691585622,72,Alpek SAB de CV,3.6852452577326043,Dow Inc,3.978112661619344,Indorama Ventures PCL,5.791001447427976,PETROQUIMICA DE VENEZUELA SA,25.740147142097065,POLIOLEFINAS INTERNACIONALES C.A.,58.288707720542234
Vietnam,198,VIETNAM,361423.3218648052,100.0,3.0,36.0,66.0,107.0,37625787.0,358587.0,9991153.0,2021,19.8579174309589,12,China Petroleum & Chemical Corp,97.56761867620729,Exxon Mobil Corp,95.22653189493698,Far Eastern New Century Corp,92.31342043018009,Lotte Chemical Corp,123.34744120857869,PTT PCL,97.98305922563978
Yemen,7,YEMEN,13178.363694193315,5.0,0.0,0.0,0.0,0.0,1020959.0,20395.0,364367.0,2021,2.9516726651970666,83,Dow Inc,3.008773847484873,EASTERN PETROCHEMICAL COMPANY,4.603577123966201,Exxon Mobil Corp,6.8785747873169605,National Petrochemical Co,3.4380338799877466,Saudi Arabian Oil Co,25.504291922646136
Zambia,0,ZAMBIA,,,,,,,,,,2021,1.3891869198954336,109,Indorama Ventures PCL,0.6284566137164614,"JIANGSU HAILUN PETROCHEMICAL CO., LTD.",0.5334305174632472,KAP Industrial Holdings Ltd,4.192184093614638,Reliance Industries Ltd,1.2551760207565932,Sasol Ltd,10.593329275893211
Zimbabwe,2,ZIMBABWE,1772.5203893487342,1.0,0.0,1.0,1.0,1.0,503998.0,4584.0,140369.0,2021,1.1879301386717456,117,CHINA RESOURCES (HOLDINGS) COMPANY LIMITED,0.26740907963168525,"JIANGSU HAILUN PETROCHEMICAL CO., LTD.",0.33032886307443465,KAP Industrial Holdings Ltd,4.815630978604887,Sasol Ltd,10.414101388212478,Zhejiang Wankai New Materials Co. Ltd,0.19662432325859205
